"timestamp_utc","local_time","download_mbps","upload_mbps","latency_ms","download_bytes","upload_bytes","status","error","source"
"2026-06-28T15:38:34.1083686Z","2026-06-29 00:38:34","87.37","23.14","19.2","25000000","5000000","ok","","cloudflare-speed"
"2026-06-28T17:40:25.9214952Z","2026-06-29 02:40:25","","","","25000000","5000000","failed","latency: Access denied  | download: Exception calling ""GetResult"" with ""0"" argument(s): ""この要求の送信中にエラーが発生しました。"" | upload: Exception calling ""GetResult"" with ""0"" argument(s): ""この要求の送信中にエラーが発生しました。""","cloudflare-speed"
"2026-06-28T17:40:53.3392447Z","2026-06-29 02:40:53","29.28","10.35","23.8","25000000","5000000","ok","","cloudflare-speed"
"2026-06-28T19:40:51.9239341Z","2026-06-29 04:40:51","","","","25000000","5000000","failed","latency: Access denied  | download: Exception calling ""GetResult"" with ""0"" argument(s): ""この要求の送信中にエラーが発生しました。"" | upload: Exception calling ""GetResult"" with ""0"" argument(s): ""この要求の送信中にエラーが発生しました。""","cloudflare-speed"
"2026-06-28T19:41:14.6113088Z","2026-06-29 04:41:14","102.08","13.57","43.5","25000000","5000000","ok","","cloudflare-speed"
"2026-06-28T21:41:34.8286377Z","2026-06-29 06:41:34","104.93","29.14","20.8","25000000","5000000","ok","","cloudflare-speed"
"2026-06-28T23:41:53.4228895Z","2026-06-29 08:41:53","84.99","13.72","19.2","25000000","5000000","ok","","cloudflare-speed"
"2026-06-29T01:42:21.9700138Z","2026-06-29 10:42:21","","","","25000000","5000000","failed","latency: Access denied  | download: Exception calling ""GetResult"" with ""0"" argument(s): ""この要求の送信中にエラーが発生しました。"" | upload: Exception calling ""GetResult"" with ""0"" argument(s): ""この要求の送信中にエラーが発生しました。""","cloudflare-speed"
"2026-06-29T01:42:53.1667287Z","2026-06-29 10:42:53","93","27.88","20","25000000","5000000","ok","","cloudflare-speed"
"2026-06-29T03:43:19.8454633Z","2026-06-29 12:43:19","110.2","10.42","18.8","25000000","5000000","ok","","cloudflare-speed"
"2026-06-29T05:43:28.1673885Z","2026-06-29 14:43:28","103.88","13.48","22.2","25000000","5000000","ok","","cloudflare-speed"
"2026-06-29T13:02:30.3275753Z","2026-06-29 22:02:30","108.73","14.21","21.8","25000000","5000000","ok","","cloudflare-speed"
"2026-06-29T19:03:12.2275907Z","2026-06-30 04:03:12","","","","25000000","5000000","failed","latency: Access denied  | download: Exception calling ""GetResult"" with ""0"" argument(s): ""この要求の送信中にエラーが発生しました。"" | upload: Exception calling ""GetResult"" with ""0"" argument(s): ""この要求の送信中にエラーが発生しました。""","cloudflare-speed"
"2026-06-29T19:03:32.7111383Z","2026-06-30 04:03:32","88.58","34.21","48.5","25000000","5000000","ok","","cloudflare-speed"
"2026-06-30T01:03:00.8057547Z","2026-06-30 10:03:00","","","","25000000","5000000","failed","latency: Access denied  | download: Exception calling ""GetResult"" with ""0"" argument(s): ""この要求の送信中にエラーが発生しました。"" | upload: Exception calling ""GetResult"" with ""0"" argument(s): ""この要求の送信中にエラーが発生しました。""","cloudflare-speed"
"2026-06-30T01:03:28.1310724Z","2026-06-30 10:03:28","50.81","8.97","23.8","25000000","5000000","ok","","cloudflare-speed"
"2026-06-30T07:03:27.1708770Z","2026-06-30 16:03:27","","","","25000000","5000000","failed","latency: Access denied  | download: Exception calling ""GetResult"" with ""0"" argument(s): ""この要求の送信中にエラーが発生しました。"" | upload: Exception calling ""GetResult"" with ""0"" argument(s): ""この要求の送信中にエラーが発生しました。""","cloudflare-speed"
"2026-06-30T07:03:56.6016264Z","2026-06-30 16:03:56","98.91","24.48","21.5","25000000","5000000","ok","","cloudflare-speed"
"2026-06-30T13:05:36.4153276Z","2026-06-30 22:05:36","","","","25000000","5000000","failed","latency: Access denied  | download: Exception calling ""GetResult"" with ""0"" argument(s): ""この要求の送信中にエラーが発生しました。"" | upload: Exception calling ""GetResult"" with ""0"" argument(s): ""この要求の送信中にエラーが発生しました。""","cloudflare-speed"
"2026-06-30T13:06:03.8290887Z","2026-06-30 22:06:03","29.75","10.93","33","25000000","5000000","ok","","cloudflare-speed"
"2026-06-30T19:06:45.2931514Z","2026-07-01 04:06:45","","","","25000000","5000000","failed","latency: Access denied  | download: Exception calling ""GetResult"" with ""0"" argument(s): ""この要求の送信中にエラーが発生しました。"" | upload: Exception calling ""GetResult"" with ""0"" argument(s): ""この要求の送信中にエラーが発生しました。""","cloudflare-speed"
"2026-06-30T19:07:08.0319845Z","2026-07-01 04:07:08","2.72","3.4","164","25000000","5000000","ok","","cloudflare-speed"
"2026-07-01T01:07:49.7160324Z","2026-07-01 10:07:49","","","","25000000","5000000","failed","latency: Access denied  | download: Exception calling ""GetResult"" with ""0"" argument(s): ""この要求の送信中にエラーが発生しました。"" | upload: Exception calling ""GetResult"" with ""0"" argument(s): ""この要求の送信中にエラーが発生しました。""","cloudflare-speed"
"2026-07-01T01:08:13.5615286Z","2026-07-01 10:08:13","82.05","25.53","21.5","25000000","5000000","ok","","cloudflare-speed"
"2026-07-01T07:07:56.4817421Z","2026-07-01 16:07:56","","","","25000000","5000000","failed","latency: Access denied  | download: Exception calling ""GetResult"" with ""0"" argument(s): ""この要求の送信中にエラーが発生しました。"" | upload: Exception calling ""GetResult"" with ""0"" argument(s): ""この要求の送信中にエラーが発生しました。""","cloudflare-speed"
"2026-07-01T07:08:18.7774699Z","2026-07-01 16:08:18","56.75","1.63","51.8","25000000","5000000","ok","","cloudflare-speed"
"2026-07-01T13:08:04.0422456Z","2026-07-01 22:08:04","","","","25000000","5000000","failed","latency: Access denied  | download: Exception calling ""GetResult"" with ""0"" argument(s): ""この要求の送信中にエラーが発生しました。"" | upload: Exception calling ""GetResult"" with ""0"" argument(s): ""この要求の送信中にエラーが発生しました。""","cloudflare-speed"
"2026-07-01T13:08:31.6436653Z","2026-07-01 22:08:31","40.91","2.06","21.5","25000000","5000000","ok","","cloudflare-speed"
"2026-07-01T19:09:32.7299610Z","2026-07-02 04:09:32","","","","25000000","5000000","failed","latency: Access denied  | download: Exception calling ""GetResult"" with ""0"" argument(s): ""この要求の送信中にエラーが発生しました。"" | upload: Exception calling ""GetResult"" with ""0"" argument(s): ""この要求の送信中にエラーが発生しました。""","cloudflare-speed"
"2026-07-01T19:10:00.9687003Z","2026-07-02 04:10:00","10.34","12.76","63.8","25000000","5000000","ok","","cloudflare-speed"
"2026-07-02T01:10:02.2887928Z","2026-07-02 10:10:02","","","","25000000","5000000","failed","latency: Access denied  | download: Exception calling ""GetResult"" with ""0"" argument(s): ""この要求の送信中にエラーが発生しました。"" | upload: Exception calling ""GetResult"" with ""0"" argument(s): ""この要求の送信中にエラーが発生しました。""","cloudflare-speed"
"2026-07-02T01:10:28.9221563Z","2026-07-02 10:10:28","20.51","5.39","154","25000000","5000000","ok","","cloudflare-speed"
"2026-07-02T07:10:14.6848813Z","2026-07-02 16:10:14","","","","25000000","5000000","failed","latency: Access denied  | download: Exception calling ""GetResult"" with ""0"" argument(s): ""この要求の送信中にエラーが発生しました。"" | upload: Exception calling ""GetResult"" with ""0"" argument(s): ""この要求の送信中にエラーが発生しました。""","cloudflare-speed"
"2026-07-02T07:10:41.1430840Z","2026-07-02 16:10:41","61.27","22.9","26.2","25000000","5000000","ok","","cloudflare-speed"
"2026-07-02T13:11:14.6487426Z","2026-07-02 22:11:14","","","","25000000","5000000","failed","latency: Access denied  | download: Exception calling ""GetResult"" with ""0"" argument(s): ""この要求の送信中にエラーが発生しました。"" | upload: Exception calling ""GetResult"" with ""0"" argument(s): ""この要求の送信中にエラーが発生しました。""","cloudflare-speed"
"2026-07-02T13:11:34.0771336Z","2026-07-02 22:11:34","65.4","23.78","44","25000000","5000000","ok","","cloudflare-speed"
"2026-07-02T19:11:21.9708361Z","2026-07-03 04:11:21","","","","25000000","5000000","failed","latency: Access denied  | download: Exception calling ""GetResult"" with ""0"" argument(s): ""この要求の送信中にエラーが発生しました。"" | upload: Exception calling ""GetResult"" with ""0"" argument(s): ""この要求の送信中にエラーが発生しました。""","cloudflare-speed"
"2026-07-02T19:11:43.6046037Z","2026-07-03 04:11:43","38.91","29.25","","25000000","5000000","partial","latency: Testing connection to computer '1.1.1.1' failed: Error due to lack of resources","cloudflare-speed"
"2026-07-03T01:11:04.7145036Z","2026-07-03 10:11:04","","","","25000000","5000000","failed","latency: Access denied  | download: Exception calling ""GetResult"" with ""0"" argument(s): ""この要求の送信中にエラーが発生しました。"" | upload: Exception calling ""GetResult"" with ""0"" argument(s): ""この要求の送信中にエラーが発生しました。""","cloudflare-speed"
"2026-07-03T01:11:25.4648359Z","2026-07-03 10:11:25","98.49","27.96","22.8","25000000","5000000","ok","","cloudflare-speed"
